date,cpi,corecpi,pce,corepce,mediancpi,trimmedmeancpi,trimmedmeanpce,medianpce
1947-06-01,5.83790503956692,,3.22244169435104,,,,,
1947-09-01,9.01283937458077,,7.6620871741079,,,,,
1947-12-01,11.8135255856539,,10.3576948337617,,,,,
1948-03-01,8.74823983020569,,4.51453576462277,,,,,
1948-06-01,6.53393064832368,,4.19552775832042,,,,,
1948-09-01,6.89554832836552,,6.2589538271643,,,,,
1948-12-01,-3.61172832600106,,-1.26241119790194,,,,,
1949-03-01,-3.75187362079652,,-3.11235650104664,,,,,
1949-06-01,-0.444752612070831,,-2.41469522737858,,,,,
1949-09-01,-3.30322362320439,,-2.30261398460406,,,,,
1949-12-01,-0.952307484167891,,-0.324096314391431,,,,,
1950-03-01,-1.23403374754383,,-0.647928539437614,,,,,
1950-06-01,3.08769342771933,,1.93302352021376,,,,,
1950-09-01,7.55426273859467,,8.61747636547658,,,,,
1950-12-01,8.34731358052019,,7.32811175612129,,,,,
1951-03-01,17.2703679994787,,13.330120312999,,,,,
1951-06-01,3.94871532215311,,3.2393474361134,,,,,
1951-09-01,-0.2053914598379,,0.540295934543478,,,,,
1951-12-01,6.04498851850874,,5.40111294269074,,,,,
1952-03-01,1.52863472490492,,1.7234578576085,,,,,
1952-06-01,1.06415735440624,,-0.0881672184777749,,,,,
1952-09-01,2.74618493881771,,2.64286592815299,,,,,
1952-12-01,0.450759944691437,,0.673620171706779,,,,,
1953-03-01,-1.14376893528346,,1.49573971345787,,,,,
1953-06-01,1.51111793554928,,0.582409643378501,,,,,
1953-09-01,1.85912995789093,,2.19394332606333,,,,,
1953-12-01,0.697208516801506,,1.74275182893966,,,,,
1954-03-01,0.945443450428085,,2.02657140881319,,,,,
1954-06-01,-0.641537625821531,,-0.542100824124636,,,,,
1954-09-01,-1.03645248142028,,-1.31043027687715,,,,,
1954-12-01,-1.23615549478221,,-0.401519533413541,,,,,
1955-03-01,0.54927778006848,,1.30013823727089,,,,,
1955-06-01,-0.546277200786882,,0.401836463098038,,,,,
1955-09-01,0.29932630613374,,1.58401354576738,,,,,
1955-12-01,1.20043673442627,,1.08811369179938,,,,,
1956-03-01,0.0496555139093413,,1.65983435275594,,,,,
1956-06-01,2.65699643122499,,2.71811123118419,,,,,
1956-09-01,4.20731979642002,,3.96853991019945,,,,,
1956-12-01,3.46074467894644,,2.36110707174131,,,,,
1957-03-01,3.33182402517438,,3.65003048098564,,,,,
1957-06-01,3.45194199479435,3.30355767588484,2.54976124817006,,,,,
1957-09-01,3.61779975191745,2.80356852230674,3.28622561311356,,,,,
1957-12-01,1.94826472841199,3.25365731166496,2.10009544477723,,,,,
1958-03-01,4.82676930133752,1.8348145640382,5.0184076518067,,,,,
1958-06-01,2.71838276683474,1.82643684711021,0.746713207080218,,,,,
1958-09-01,-0.230242234587152,1.36129636321052,0.292310052622957,,,,,
1958-12-01,0.41567982799644,2.2687696797268,-0.159056234692034,,,,,
1959-03-01,0.692798057738253,1.80175651169037,2.76132437663259,,,,,
1959-06-01,0.691600213978738,2.2458417329178,1.64409178914242,2.15709729720297,,,,
1959-09-01,2.08193820236069,1.78367957839556,2.43681301201339,2.69380085818005,,,,
1959-12-01,2.44270595538458,2.67245862650509,2.20971602895046,2.33840627758259,,,,
1960-03-01,0.363677315543653,1.76401482077877,0.51998590475848,1.24684394677468,,,,
1960-06-01,2.42565789051126,0.875268307164134,2.0893842554194,1.52358862596573,,,,
1960-09-01,0.225618952622475,-0.434545799696295,1.52980726504921,1.59414857680835,,,,
1960-12-01,2.59327957397646,2.19651337851439,1.75797240078943,1.30922913515885,,,,
1961-03-01,0.808348870829989,0.869560102818046,0.74365804836265,0.675990459331133,,,,
1961-06-01,-0.133980888918417,1.30362213018838,-0.0255224117379993,1.32792820702585,,,,
1961-09-01,1.5736223533042,1.73531744195601,1.43716419362534,1.75083386978845,,,,
1961-12-01,0.580064294742599,1.29378372841176,0.433106592545651,0.968425753472824,,,,
1962-03-01,1.56517794527475,0.858364178890003,1.73897851269116,1.48917766554175,,,,
1962-06-01,1.51428105900964,1.71854285333097,1.42427974218595,1.53339194316033,,,,
1962-09-01,1.15208737932719,1.28135045958022,1.08842535487592,1.32945797424175,,,,
1962-12-01,0.971402521150622,0.85015462468796,1.2122604425866,0.759079574625665,,,,
1963-03-01,1.27885482891823,0.848351559757266,1.15802179729627,1.32253898931334,,,,
1963-06-01,0.745815251922988,1.69847584155065,0.626309425985894,1.51456937137042,,,,
1963-09-01,2.46793158671015,1.69129444314799,1.96072599238675,1.55781162224069,,,,
1963-12-01,1.08949259332158,2.10852003820918,1.47327170018683,1.94251597822965,,,,
1964-03-01,1.6550171382681,2.09746404988316,1.91888865678933,1.71426393654102,,,,
1964-06-01,0.648191040778046,0.414722098111997,0.864699581321382,1.19981860983085,,,,
1964-09-01,0.906876790462796,0.829871072074106,1.30874575769999,1.10013913117615,,,,
1964-12-01,1.85930919734882,2.08001361733894,1.32921254255589,1.02529638223128,,,,
1965-03-01,1.24535512557813,1.65285757239828,1.30015772782648,1.52496207843398,,,,
1965-06-01,2.58134521786355,1.23265109652988,2.05976567135482,1.23301644779172,,,,
1965-09-01,1.19084281222643,0.408371087202331,1.48501766296796,1.25297683697021,,,,
1965-12-01,2.12758512131392,2.05226768317412,1.23586211918443,1.34380576326769,,,,
1966-03-01,3.79024420226806,2.04179225854912,3.13835288549016,2.02584853148566,,,,
1966-06-01,3.66915226096935,4.09364049696015,3.28495003734532,3.2729179987379,,,,
1966-09-01,3.50880664712825,3.64151106115869,3.08857638029718,3.34093248415461,,,,
1966-12-01,3.31063676687662,4.01556824116815,3.13701741388428,3.50101824470865,,,,
1967-03-01,1.01754459613659,2.37143852481083,1.14709271425475,2.21927775709951,,,,
1967-06-01,2.44886623788829,3.15246836307739,1.91964559662094,2.71263785280804,,,,
1967-09-01,4.08111211345752,4.31946207649023,3.77682369600698,3.68122623737064,,,,
1967-12-01,4.45051479004166,4.27332232119233,3.48258035060085,4.10481072550257,,,,
1968-03-01,3.99551532714688,5.01108881370058,4.31771697925754,4.63076160151072,,,,
1968-06-01,3.9560043294496,4.17599689832751,4.15565065615318,4.73527439975154,,,,
1968-09-01,5.51596487708361,5.6670153940741,4.20472157812908,4.54647544128095,,,,
1968-12-01,5.04511523169873,5.9685355059504,4.50211683788539,4.73726882721806,,,,
1969-03-01,4.98228645602725,5.50584380567845,3.93519161197176,4.44282456269698,,,,
1969-06-01,6.47105623883115,6.54333393311159,5.190882594643,4.86710279854488,,,,
1969-09-01,5.60351983746583,5.70777514987688,4.99172540627146,4.70226049972815,,,,
1969-12-01,6.27987824800207,5.62749304985231,4.69035194937808,4.77374657777019,,,,
1970-03-01,6.5552449536,6.25901108386515,4.72214634419319,4.44762615216814,,,,
1970-06-01,5.71797172118329,7.5698818916301,4.49686010978472,4.58338658553794,,,,
1970-09-01,4.20626653683733,5.36345262583844,3.96421213961042,4.53147093369839,,,,
1970-12-01,5.93468567133448,6.6478188162518,5.28001757547323,5.75052626744359,,,,
1971-03-01,3.4097551049787,3.88618979689304,3.85396167756769,5.15118340241414,,,,
1971-06-01,3.72368348156737,4.1744732699269,4.63024041029931,4.63508063383173,,,,
1971-09-01,4.0297254536382,3.48758543207075,3.99417242273021,3.83004234416064,,,,
1971-12-01,2.98116248528582,2.18998531081245,2.49257766875464,2.29741503170076,,,,
1972-03-01,3.29190684396481,3.43853099408211,4.28580786165185,3.90453476801542,,,,
1972-06-01,2.60572673496322,3.095746948935,2.33516509387879,2.72682330582961,,,,
1972-09-01,3.24385757909669,3.07197353059931,3.5555503343919,3.04146921159474,,,,
1972-12-01,4.19806110456638,2.1267771315348,3.29408789536267,2.54128476987734,,,,
1973-03-01,6.44438738834319,3.03238583782302,4.93047620888885,2.81685636648401,,,,
1973-06-01,8.63172401584857,4.23222412297759,7.90399769602363,5.56016110393394,,,,
1973-09-01,8.12731874587545,4.1879194749135,7.48487969810241,5.4292931287006,,,,
1973-12-01,10.5095461749781,6.87604765904759,8.43189844665939,5.68037505150736,,,,
1974-03-01,12.4430744097381,6.4590461210059,12.450672966849,7.04604759512732,,,,
1974-06-01,11.149784560224,10.860855355555,11.8191058519589,10.3104966010555,,,,
1974-09-01,11.7400976032485,14.4810802847617,11.2321542292383,11.9252222973963,,,,
1974-12-01,12.8604897544735,12.2257406739373,10.5647987065017,10.1380357942842,,,,
1975-03-01,8.8272335540764,8.80369750085983,7.74302659205175,8.05105567119342,,,,
1975-06-01,4.90707414617551,6.47672484165227,4.99652687551579,6.22675904882353,,,,
1975-09-01,8.26449492186729,5.33387179013669,7.70821618353312,6.14701285731685,,,,
1975-12-01,7.5772659615523,7.06358479189402,6.87763223154385,6.67261774247667,,,,
1976-03-01,4.66323295085294,7.70560106564768,4.47568633116506,6.22830434064254,,,,
1976-06-01,3.62610733276723,5.56937969379043,3.39082603035743,4.88133810508744,,,,
1976-09-01,6.53739463514622,6.71636478628757,6.21103946146466,6.41375866516691,,,,
1976-12-01,5.94547577923434,5.64237350176853,6.46881344747534,6.4000675444122,,,,
1977-03-01,7.54393506160791,6.75167547934981,7.42654910366098,6.90340179978075,,,,
1977-06-01,7.16692377470238,6.63964050126855,7.01957579848111,6.26323128700015,,,5.76389717028645,6.50524436034094
1977-09-01,5.64994300114454,5.84118308691681,6.15680325218964,6.82100613815,,,5.84211022482721,6.25866540816402
1977-12-01,6.02680674256084,5.53121643033205,5.8026272081029,5.94075436525032,,,5.40536453723197,6.16184638409067
1978-03-01,7.06525514454635,7.24788268818617,6.72351789994794,6.39232590469709,,,5.4168197244423,5.99459562245981
1978-06-01,9.41069168329187,8.45304476951634,8.47135377583925,7.0769697616647,,,6.69543115954527,6.98290337619309
1978-09-01,9.6370389827257,8.93558475201133,7.21177858363935,7.04576040954092,,,6.80086560200259,6.80990216200463
1978-12-01,9.6268495042428,9.17045776833922,7.77106770573894,7.37546888326823,,,7.62588292625468,7.94146383386785
1979-03-01,10.4610803588282,9.59748835726209,7.7504772313699,5.57744699985505,,,7.52307410797983,7.67175319565252
1979-06-01,13.3361535475695,9.78566717150091,11.3901321521963,9.08056328372371,,,7.36566488816004,7.7238380423867
1979-09-01,13.5212342569185,10.7671218772655,10.3044061128164,7.59685285610496,,,8.12157071203325,8.59316842876874
1979-12-01,13.2781560148992,12.677307420396,10.0337304873733,8.60370670570683,,,8.74827691531481,9.51704182791571
1980-03-01,16.7414477410019,15.628934190835,12.5565169642694,10.1546170000624,,,9.23697620519606,9.78928556936502
1980-06-01,14.1949842882118,14.0907902029683,10.1563023225821,9.24916387697747,,,8.32731211756241,9.09918682897368
1980-09-01,7.72113591891899,6.12070986692723,9.69304910198088,9.21112790690282,,,8.12807147725567,8.59790653837689
1980-12-01,11.6938613911814,13.0421124373738,10.2708072819466,10.1103842908089,,,8.7788901187172,9.39268933077539
1981-03-01,11.531024140763,9.70710910838497,10.7828197555807,9.16323999797928,,,8.89009929040645,9.20039473340657
1981-06-01,8.60410696319678,9.1453928315937,6.87853581027111,7.78296393967814,,,7.40054117175957,7.89509823202319
1981-09-01,11.6140660290758,14.2161410549403,6.76228873453337,7.57246736065809,,,6.83975691542369,7.43173947806468
1981-12-01,6.66319428282618,8.0157988204218,6.26765134935958,7.30011753959874,,,6.43400020915645,6.86380299524445
1982-03-01,3.602595531936,4.9898783445486,5.18216009589498,5.99120262423687,,,5.1919539991192,5.5175275935857
1982-06-01,5.90515374355236,7.61015032376493,3.90315369519749,5.52460232644896,,,4.69011984293868,4.88245208307427
1982-09-01,7.12993149851326,6.87926000780072,6.46615962823327,6.56155928714832,,,5.52809409569905,6.29440701972921
1982-12-01,1.23476500842463,1.38167210769062,4.49024500702055,5.69094068247653,,,3.86349445250833,4.70233502118886
1983-03-01,0.272572244049063,2.48864704157645,3.34818108781902,5.36075768437609,,,3.97306823611614,4.36012098638445
1983-06-01,4.70671513529122,4.00710771464199,3.70429381924271,3.09537524107142,4.06692187956965,4.00536331377694,3.66612764137582,3.98134327338329
1983-09-01,3.95789379877607,5.08228988034785,5.36346735973674,6.21343827969523,3.81678576538915,3.62834975447808,3.53631897494464,3.84994424080172
1983-12-01,4.05628397417033,5.29508417371296,2.66405720854967,3.23628097054016,4.67577841236264,3.91718931723546,3.3180667962976,3.82589584275752
1984-03-01,5.7926956415342,5.63622283846754,4.3989194810415,4.10389989635747,4.42997655207391,4.78273131414366,4.17029237539026,4.5438726715848
1984-06-01,3.82479769089823,5.01885125055159,3.9286333394712,4.7685964382896,4.13602766266186,3.98039357731377,3.88746215187177,4.52213839337434
1984-09-01,3.52389306784922,5.08954833002946,3.12545252598722,3.80837477367773,4.49604891436006,4.00638500250525,4.00961684355485,4.34769540577304
1984-12-01,3.49312245150795,4.10993727620015,2.48868144800622,2.87438881108315,3.64876318150973,3.66979285229085,3.3799291673809,4.15822652691977
1985-03-01,3.72292305226805,4.45579357588868,4.80590562370429,5.57164129308207,3.86204392128775,3.86938317727292,3.88790847643055,4.50825071450549
1985-06-01,3.68859570821507,4.27882167008007,3.27704466888101,3.51139037315777,4.44844737428676,3.76466013718098,3.4838784132259,3.89050938624718
1985-09-01,2.51007564642689,3.60268503363881,3.17660780048703,4.17451908159672,3.4227208845454,2.91676234054679,3.3730286237168,3.64958216768885
1985-12-01,4.14063297666942,4.69781732318513,2.81851029560234,2.89990556972393,3.84332465089485,3.82959851983162,3.5203605289754,3.7611372215044
1986-03-01,2.09578334779918,4.39495526798397,2.86325749879013,4.38645396718353,3.94723246497746,3.61345930923287,3.58373668115068,4.05355779130943
1986-06-01,-1.93289379896814,3.36914054212007,-0.422468506841045,2.76827551521888,3.58868129119614,2.65946824422429,2.64827895022044,3.43336475249225
1986-09-01,2.46825790146461,3.8250341408685,2.13481843821568,2.78090341601114,3.51650017766472,3.33205022114813,3.13967783001277,3.26980831124195
1986-12-01,2.82494530166735,3.90891584362445,2.44092872625068,3.2971666081643,4.10384379276387,3.40454063876614,3.42803342449234,4.05220729307407
1987-03-01,4.9161189315776,3.27745835216195,3.83898715705744,2.55223470181105,4.33085107432147,4.20727432433257,3.84068705346872,4.1504933669946
1987-06-01,4.60950360025936,4.90564152518984,3.92106838640951,3.94307284492215,4.11090191929966,4.14504602672927,4.0315944657473,4.62416547271209
1987-09-01,4.31334658173221,3.79322996477587,3.8438627758993,3.63409045377334,3.848834652982,4.00312299557959,3.42350603580268,3.99271287496077
1987-12-01,3.78656588933901,4.68426013559955,3.49752346667649,4.13026950009991,3.84213109382223,3.78483229476361,3.47176378329526,3.86733448175942
1988-03-01,3.15811419781071,3.94263696294586,3.19911286887058,3.90577871065365,3.24355865599248,3.17373687717759,3.40323950627419,4.24300135228217
1988-06-01,4.66802974844869,4.92629977994572,4.49326507111083,4.9393733115829,4.16029167914542,4.20512409593539,3.81843682298495,4.07609574342644
1988-09-01,4.96657478935763,4.52905116064453,5.02042476675233,4.69226245235939,4.669396501616,4.76581139576597,4.45536955796779,4.63090864360527
1988-12-01,4.44187592985825,4.92317684560619,4.10437364628344,4.54193489331709,4.21498722775659,4.51501079545091,3.92745589998671,4.0920047962679
1989-03-01,4.62221961851395,4.31438029420099,4.67741040789436,4.43990945897681,4.48280368777565,4.50392263345138,4.27654206879928,4.36384230503817
1989-06-01,6.62422204854778,4.37677776218621,5.49900652889652,3.68651242870597,4.94833664896754,4.85423811545675,4.03247103138831,4.18625323425863
1989-09-01,3.16439956644377,3.90095531267858,2.3788105511211,3.01480293628238,4.40586827358662,3.9321076010878,3.47555936350212,4.01843280535574
1989-12-01,4.12877381876267,4.92635844613172,3.18122662940776,3.71011231391694,4.15342880977418,4.61803414093547,3.94794395433886,4.5718650248123
1990-03-01,7.06543507578159,5.18297251570576,5.92445186097847,4.6863219700221,4.72865924523493,5.1310761767893,4.02791243609975,4.49605073894319
1990-06-01,4.01641699080997,5.32535475759288,3.68250245874817,4.5416292436367,4.99668474325918,4.35419863599118,4.0732550676055,4.47399180933643
1990-09-01,7.09007069502445,6.08194360315613,5.18089311378749,4.10619057126294,5.02636438393609,5.60893705905023,4.25097868384303,4.5825235501459
1990-12-01,6.96663043468968,4.67060968304089,5.39828832127289,3.40111498296636,4.13400945896816,4.50447085437533,3.30094230875992,3.68879067536096
1991-03-01,3.0239807023374,5.9214248027432,2.11906156300237,3.59355796097869,4.75035783763633,4.94238041125146,3.02310522605369,3.18003055672924
1991-06-01,2.39570117936239,3.66669048524697,2.20086982304477,3.12366547948353,3.73428925598893,3.37489158364055,2.81295791022695,2.98725897999035
1991-09-01,3.08396780805726,4.41075602679215,2.74491931790595,3.64605486879328,3.75797510733786,3.7295671745198,2.73928741217946,2.66585999493041
1991-12-01,3.36022240166043,3.78567006792321,2.93718962607035,3.18879833385588,3.2694173713397,3.44250657623495,3.16101945504599,3.31182590719687
1992-03-01,2.73822805974242,3.56020638126198,2.52990297041535,3.09247359786804,2.63483503820117,3.13271672718733,2.97841009877018,3.15789208841071
1992-06-01,3.1126084520851,3.52880120655157,2.68283876052562,2.8573025793605,3.03594809753527,3.00589293120097,2.50932789328429,2.48735311476376
1992-09-01,3.08857638029709,3.12548333446205,2.57463974195582,2.38645496139824,2.52947146404197,2.89698288640272,2.2579771514041,2.32739702329217
1992-12-01,3.55009429285484,3.65593215798028,2.82115855736598,2.96558936390434,2.84436599427336,3.04032800064842,2.59240496652506,3.32412293599904
1993-03-01,2.94202719331216,3.53107111523732,2.40672222839673,2.78690034101958,2.62555751609852,2.85693051462959,2.59962413069794,3.07036125951048
1993-06-01,2.92054776667829,3.40929626900945,2.71494100873553,3.07309189829159,2.93924402104173,3.05948598405295,2.7232482608569,3.10512207834688
1993-09-01,1.86344863057823,2.39324596754014,1.74387886511711,2.253088749955,2.28009223463304,2.359732320048,2.1267219768343,2.36076733754982
1993-12-01,3.35713521265992,3.18136967101108,2.32840028623562,2.07526805404017,3.15271048423329,3.10960458092961,2.30746669911934,2.39603955905845
1994-03-01,2.02478623081173,2.62510660538398,1.4421700947604,1.82752465263083,2.97566846092985,2.61791289848501,2.34084912406538,2.87469594041623
1994-06-01,2.29164531911714,2.78365283312643,2.25091050023536,2.71677427237407,2.68772579701226,2.56323507412894,2.43777787007204,2.97882448785156
1994-09-01,3.75718284471529,3.02648644322874,2.8979202341805,2.25198574598937,2.85233299907748,3.00372436157899,2.25575193290204,2.46321236536353
1994-12-01,2.3485901131761,2.57056305793726,1.8929733936164,2.04785190248837,3.06896788723177,2.39843458967821,2.02962111741094,2.47127486325884
1995-03-01,2.97042946948163,3.41630696161634,1.96894567882318,2.11479742949854,3.25166172346634,2.84653352043662,2.47241248982668,3.02436653091411
1995-06-01,3.31031282960199,3.30166005526542,2.35217001430548,2.39417013661181,3.33878053579497,2.88162918923873,2.26501469218321,2.65878932366874
1995-09-01,2.03151293885695,2.68104119761343,1.64221186853035,1.92056631565087,2.88850310089717,2.56068262232847,2.03525010463939,2.28880831420766
1995-12-01,2.1984448726456,2.83138872919877,1.77268851258476,2.02260382945356,3.00692007644678,2.85456880946919,2.4277235900046,2.71496905672197
1996-03-01,3.60443229862539,2.72796173560503,2.2410081624016,1.58197828900668,3.05478885563222,3.0446435184551,2.291899211518,2.3948719162431
1996-06-01,3.48399577206415,2.37816370275143,2.70364489125323,1.91167253439164,2.95820978392056,2.7137606790735,2.25973243997903,2.5418544898669
1996-09-01,2.32173500681743,2.61104182016765,1.71397186852567,1.83911132990684,2.81296505457787,2.71808162193514,2.34319743636824,2.77346163598458
1996-12-01,3.5208672146698,2.59410937326789,2.7563894110217,2.29658995526394,2.93486953945041,2.97084424928082,2.59855706309924,2.82065199682999
1997-03-01,2.45933605577846,2.33367108535927,1.77627333713342,1.58069473423388,2.7338994121445,2.45545421241424,2.15623865068002,2.6262155024902
1997-06-01,0.921942570122658,2.56243276731185,1.00767851820374,2.10340557135988,2.77549801490378,1.99178567895939,1.90854891934129,2.23440074675993
1997-09-01,2.01505006250005,1.74529797513223,1.05674872419474,0.935312422817325,2.31905912315744,2.10494541157589,1.66500475176041,2.35373523711067
1997-12-01,2.17337937796351,2.2953453910783,1.26575291141884,1.27559756614446,2.58990141438702,2.17750293514281,1.5117457406022,2.30547435822188
1998-03-01,0.827296525315724,2.44107287659345,0.0282875426965479,1.18191812845456,2.69900145254605,1.88503894420824,1.46733392990055,2.23873109911452
1998-06-01,1.32338978631332,2.26841476191231,0.72600130355589,1.22869343778451,2.64192169466957,2.12580009568184,1.99570814240813,2.41507897851627
1998-09-01,2.06668796452822,2.41257765075298,1.24228279766974,1.43110427621216,3.20446456675527,2.13235899049,1.87038804788544,2.56266597032384
1998-12-01,1.89042341303638,2.24210871935075,1.05676413786588,1.27605952244718,2.89737521554729,1.84689141350969,1.81753585808502,2.49563263964772
1999-03-01,1.47026328190676,1.76528407872869,0.793942964647187,1.01221842397621,1.79425007864946,1.30579175905419,1.46702836087858,2.2677720034934
1999-06-01,3.02853888069203,1.91144361210374,2.29430775227357,1.39577502848778,2.00606326605268,1.88241069675608,1.85307818758202,2.32651690685626
1999-09-01,3.00578262771547,2.13244598155626,2.21890762376813,1.47902174493939,2.05080619110132,2.01106956304278,1.98044250301992,2.39521000375176
1999-12-01,2.98336577986684,2.27392849645147,2.44907162057788,1.89678283028483,2.15288345608473,2.11742302859399,2.06977105443518,2.37473482650594
2000-03-01,4.01718117227616,2.64161650759844,3.2892001305185,2.11264150174404,3.10254538158519,2.84582705391101,2.57227113672585,2.98687750756088
2000-06-01,3.17246906505402,2.54859792433846,1.92028415076368,1.39919405251723,2.81007626105507,2.65454880426834,2.26689608984927,2.65927598954825
2000-09-01,3.70586878681365,2.68291427315426,2.60222213415262,1.94741242570222,3.1405913424315,3.02768970370457,2.43933831998988,2.76017549447651
2000-12-01,2.88227734712541,2.4409418301238,2.27737248905093,1.99205896501036,2.85714364517209,2.50575401716002,2.55491768764007,2.76931415237212
2001-03-01,3.88153930155972,2.94639604770222,2.99848868496797,2.62958883601687,3.34737121239859,3.16243747714222,2.81444835688134,3.30182739763523
2001-06-01,2.83425914261999,2.48208677100672,1.8848787932231,1.52087519589212,3.19774183546713,2.70891927836916,2.66416144288761,3.17650832046656
2001-09-01,1.13388265568128,2.75996144993129,0.201843082449304,1.03286147073154,3.13643212916905,2.42881908484514,2.39637339779497,3.26761272392775
2001-12-01,-0.299906068231537,2.66820294429111,0.164555499391872,1.94610700886859,3.47392003286426,2.17743823178371,1.91174724656,2.68499637760147
2002-03-01,1.28312351944957,2.21717102974934,0.808463522981939,1.23542574624111,2.923697034637,1.94451702110778,1.94268519315342,2.93573830263198
2002-06-01,3.18217307521784,2.06160468210084,3.00209964276896,2.22085716297156,2.72161926472259,2.15118215314258,2.1382854260539,2.69559899271599
2002-09-01,2.17200206880244,2.12231732405164,2.08585512655342,2.14558935059337,2.38319826973201,2.12396411726354,2.1419342145893,2.61503899967794
2002-12-01,2.38572926718867,1.82772074365567,1.87880950862358,1.43112276045041,2.38801960127712,2.11788311147771,2.10282671070205,2.79020653573463
2003-03-01,4.1777667906848,1.32714504674303,3.09393897847308,1.23983266468894,2.17135776445743,2.00089933796126,1.71879209912087,2.61242656399385
2003-06-01,-0.652822191402758,0.694562419968081,0.403272201830696,1.52483821769978,1.01700337945361,0.846599509471702,1.24928214549545,1.50633938011335
2003-09-01,3.01976778201885,1.60010738897154,2.66146892344421,1.84348186051786,2.00617335190805,2.00046914896879,2.01793425418173,2.30416294536049
2003-12-01,1.52682871423935,1.03724605895148,1.98195197718007,1.80423586878173,1.87246878742922,1.58745320913114,1.96647109031103,2.66987143219481
2004-03-01,3.42815771821994,1.93765996944071,3.12035375331869,2.21561642746451,2.22174332767806,2.25714843566855,2.20180233025744,2.27816325135173
2004-06-01,3.17951790983899,2.5540176471442,2.71884742453397,2.3104507108465,2.79493553794543,2.6013185427961,2.67891129080908,3.04847905807411
2004-09-01,2.57543610400679,1.70950912326575,1.97949889553533,1.43807783556431,2.42880842329458,2.01483543450409,2.01799190050616,2.38629925102674
2004-12-01,4.36469194479712,2.45806222155234,3.46477000897882,2.18794125859527,2.22330502048911,2.51845426339339,2.08199508198883,2.11469585192456
2005-03-01,2.03555817653247,2.5115451285646,2.34591201769694,2.87557510317695,2.6729765043304,2.44485755768336,2.74354753613757,2.79623591868239
2005-06-01,2.73069643983739,1.8845182812349,2.54808687155335,1.99618315599601,2.37024909976258,2.58252869819555,2.11609573825899,2.25884672082632
2005-09-01,6.19756117657801,1.33710329274106,4.3913999412865,1.56593143978814,2.66130043945214,2.38701133278285,2.30319385960829,2.4053756801107
2005-12-01,3.7825786704226,2.67857273865746,3.222443841653,2.70069277071125,3.1249666531401,2.82143464706814,2.63745074285855,2.7280101097847
2006-03-01,2.09931050276913,2.52647131600585,2.09343410900302,2.33819943391438,2.56881918211789,2.46851373570554,2.41869175604981,2.933339825987
2006-06-01,3.65878051739026,3.31317307129759,3.5575796718903,3.22637115777358,3.18450368357548,2.71524341359761,3.1305719576141,3.71897354956561
2006-09-01,3.82989266756644,2.75484050683328,2.90952874872543,2.1704673283867,3.46316620845932,3.08771893409381,3.0558771766739,3.46552703182752
2006-12-01,-1.63062218669727,2.0795405344308,-0.657490844960051,1.73575186659358,3.1702650498159,1.94928819442677,1.99225617488368,2.93712661504
2007-03-01,3.97962991202561,2.36422082296057,3.70510647125497,2.78841879521212,3.2151207328148,2.96622859470383,2.89155717549963,3.3136937539215
2007-06-01,4.60775871886401,1.95565273627523,3.44084248324068,1.67363343471514,2.76457217037522,2.72999646759184,2.18539344945761,2.21455988180139
2007-09-01,2.55619379438961,2.07821487382953,2.28049535174861,1.97880009652858,2.8264011040293,2.39722096059796,2.30409838586734,2.37997388184876
2007-12-01,4.9975866854387,2.8455802218482,4.12630881905081,2.79131019463237,3.31369754779685,3.32216522765032,2.96956126607302,3.37440395221416
2008-03-01,4.40366184594185,2.67573413012232,3.29677038247271,2.13804220664993,3.11595587574687,3.36558192880074,2.52446499126504,2.82238742956116
2008-06-01,5.30617912259177,1.74932564754369,3.95285358787989,1.68936235640944,2.73653125525326,3.38619273321019,2.41201210013653,2.44243350533557
2008-09-01,6.3116378015581,2.59954651444612,4.33448259541023,2.0574108588391,3.50842468928045,4.33515916833087,2.62078521958222,2.59882202879687
2008-12-01,-8.85084008605623,0.982847552622301,-6.23309441742526,-0.31773024546361,2.23270553862256,0.933422982885634,1.76557518321827,2.13850829615587
2009-03-01,-2.72321854975192,1.68951053177304,-2.67600038382374,0,1.78273600734327,1.30318972539383,1.97197104008708,2.14518874730287
2009-06-01,2.14405458480948,2.0548547110971,1.60171135880955,1.57372827934374,1.65298060058516,0.976335943161954,1.55203858950044,1.85005482964524
2009-09-01,3.48624526542545,1.19731943821466,2.78468128726834,1.42554784040048,0.814891265394158,0.913525461315223,0.976517537971211,0.996950087250292
2009-12-01,3.16870483691118,2.06166330114979,3.12313415198147,2.51528522338398,0.945648134327781,1.54530331590641,1.17087893789789,1.793986927077
2010-03-01,0.635522724596727,0.0598278120666373,1.5541168754249,1.37537932612259,0.330278866550904,0.575488549229553,0.686502482114615,0.882765161716526
2010-06-01,-0.141003277866636,0.50294915005622,0.622448575805579,1.08639759648059,0.27629564340963,0.293860372915766,0.656637488596012,0.661844545428281
2010-09-01,1.17775305410843,0.971880042127982,0.768394437100994,0.612285294364678,0.787913922020689,0.970500771845173,0.925315141841376,1.02837137655827
2010-12-01,3.27844808945088,1.0507867462233,2.58857408638666,1.27043600875614,1.21190955794173,1.33681118464937,1.12308385666067,1.27440754389707
2011-03-01,4.33769561658455,1.90321145940462,3.40262762558834,1.76913719743717,2.03243648507132,2.53462064936383,1.90143984852009,1.81210103137766
2011-06-01,4.62621199972379,1.88268638224713,3.99153316157994,2.3625943146627,2.17625854475241,2.84004371036195,2.18936511538341,2.21563956156068
2011-09-01,2.63388573175052,2.76324225930547,1.8632533820321,1.83561596856692,2.51259473268737,2.70477617806104,1.89365866193936,2.19941808712358
2011-12-01,1.80773770476241,2.15062720974919,1.32892844374035,1.43327495431504,2.25410472627903,2.18942298168465,1.97754235695329,2.14943714193601
2012-03-01,2.27178869784499,2.11942897409039,2.675264193907,2.5470127655139,2.44038053254929,2.16804213259005,2.11359865082827,2.08379826709491
2012-06-01,0.847084281582333,1.98008403462702,0.968490113199127,1.66445228835066,2.0846856817601,1.69398158483423,1.75716662979193,1.96364008930212
2012-09-01,1.81814728525684,1.82109754529649,1.16706251212093,1.16075144392536,2.10681289456949,1.62706828421701,1.39635877409998,1.80993511241931
2012-12-01,2.68645725935708,1.87565087316934,2.26433884307184,1.78340935179093,2.06151937931875,2.09237318514799,1.53164645350248,1.98737804803646
2013-03-01,1.61753901611277,2.0399758925884,1.40761787133703,1.56743238733861,2.22063532638792,1.76412182225874,1.63928578033801,2.02694020138636
2013-06-01,-0.437222007537286,0.912520179696252,0.205481897576298,1.13487405913753,1.91028645030735,1.08610946322634,1.20196407444884,2.02043189166805
2013-09-01,2.18098754343867,2.15572204272134,1.65612245426265,1.58270462031393,2.08542789047448,1.92482772789222,1.77609847128959,2.08610195376424
2013-12-01,1.48729234292762,1.7890470990988,1.48050098626964,1.73942332879955,2.0159255442729,1.7284973589158,1.74219086312983,2.13167734532151
2014-03-01,2.51451430589829,1.55679675054599,1.8494975303962,1.26702060456045,2.56354378406918,2.16757658829081,1.6774700650785,2.01569024538033
2014-06-01,2.14129814183932,2.08561381038259,1.80324779419465,1.76048759445571,2.34503149283294,2.18809635616644,1.76325796614643,2.18295322879134
2014-09-01,1.02726982337322,1.66546329071973,1.09580654704127,1.50702460688417,1.9791618156888,1.67910712230326,1.64265932433898,2.32374742333581
2014-12-01,-0.99007754403293,1.60139578606266,-0.528755086405153,1.08871020317822,2.20049379367573,1.39615410626213,1.47972917410395,2.183950056291
2015-03-01,-2.56409420581193,1.40240597627765,-1.78101940567074,0.671295991810927,2.13395694654621,1.34502350698567,1.23797788924898,2.02843819351377
2015-06-01,2.75582448578862,2.44178748763224,2.01024885416241,1.79319933488913,2.63126118469603,2.04930006428736,1.89189248625974,2.42950457291276
2015-09-01,1.51938456149083,2.00077728426307,1.04401663746327,1.29597363330298,2.27412801350604,1.96610687532581,1.62524563472604,2.1829504574201
2015-12-01,-0.0302671070046112,2.13462741974322,-0.307132941130117,1.00088142547852,2.31541652047405,1.69303105250718,1.24516273081474,1.821706242248
2016-03-01,-0.248118165168565,2.10332874629362,0.197088773934317,1.68337246312913,2.37265395187236,1.55698537949196,1.64502262810646,2.34492759779539
2016-06-01,3.23771814236757,2.66065852307407,2.56276510784523,2.21200443330225,3.01138601292747,2.47767254154729,2.12964566174083,2.60091207226951
2016-09-01,1.70873956173929,2.1026464030069,1.38863342769813,1.74957310439992,2.54843387150241,2.18230794996475,1.80654959347164,2.25365227845098
2016-12-01,2.56340955410124,1.86447446396019,1.84416451204217,1.38110921329015,2.30497625499133,2.06212419257645,1.86082978154558,1.89115693080359
2017-03-01,2.84481718066452,2.08193963492802,2.35304448002236,1.87104694123095,2.81409158958388,2.3890425038676,1.79693386644126,2.26807236720679
2017-06-01,0.462306658806,1.06428318932819,0.806252472714442,1.34559194649844,1.98796462369404,1.23443538718242,1.39843599810858,1.82871810944216
2017-09-01,1.92592963096092,1.56208399779234,1.41938988924803,1.2156691660367,2.18798158773641,1.60297564955623,1.49631795161018,1.67775498491949
2017-12-01,3.2202966414455,2.31955955083567,2.41983092309173,1.78970077272607,2.56495970471449,2.04133924026932,1.90883983439745,2.15406026765494
2018-03-01,3.41340939517445,2.91976435503409,2.82656762898483,2.56994375761508,2.97682400918946,2.79183553694937,2.22723937163123,2.49690863038814
2018-06-01,2.19548959895264,2.09555630116123,2.1156134957024,2.16340841596039,2.59149345015666,2.07684014399994,1.72728280780006,2.03974329077123
2018-09-01,1.61708232018896,1.45187053023286,1.3491066755188,1.28376302279971,2.38912283761263,1.87528002072184,1.87968897391646,2.18690182207246
2018-12-01,1.63845385799968,2.32556154844585,1.52644972237035,1.87836467745792,2.79274573413222,2.43173769797655,2.17641832652968,2.62106987842647
2019-03-01,1.07217055267681,2.64656443355273,0.816972454860609,1.61669964649873,3.04207486010981,2.64382208414622,2.07391063189375,2.65385477679354
2019-06-01,2.97141402299332,1.76467541529381,2.2550676192391,1.69671623682381,2.8848317292097,1.90030630929374,2.09988106494083,2.86894184594688
2019-09-01,1.32604794635922,2.35457476774057,0.966490639638895,1.49772974434443,2.87100857273794,2.13030933315292,1.7506070466409,2.18118549821047
2019-12-01,2.83917362164194,2.54714116149215,1.58346669675851,1.4103253030054,2.74730230587563,2.7677819577919,1.71845524095375,2.28394305644737
2020-03-01,1.44978568320633,2.33110582633942,1.39847211629986,1.81739711530642,3.09860760103322,2.59738540162691,2.03575903518209,2.64469988877323
2020-06-01,-3.84662551000091,-2.0476457363677,-1.62909228675936,-0.751098785988502,2.55253253339542,1.39688716381454,1.57806196321471,2.1791706397039
2020-09-01,4.65138822600075,3.93993631964999,3.18294100978567,3.00982841739077,2.5808138071435,2.83964811829134,2.05097356542177,1.98304034134289
2020-12-01,2.91693593937621,2.44979359282327,2.05310799435683,1.80684308977603,1.6346279889669,1.82422575147032,1.39615125081844,1.55558779612583
2021-03-01,4.03475354220628,1.49891346096604,4.62597695963194,3.46228708441654,1.74572293644153,1.9880530050689,2.05808003533987,1.99970855825107
2021-06-01,7.63215532933068,7.09504260789657,6.208965842296,5.80870218384064,2.91781499784061,4.19500551381184,2.66424076695899,3.1003935744194
2021-09-01,6.56991557434428,5.27664089896334,5.55082127163826,4.82940310683935,3.73877610311169,5.18733473283866,3.14372641949492,3.71775198365552
2021-12-01,8.82814697975971,6.30288248034592,6.84062344426755,5.30685534675122,5.70898281895926,7.24594829251344,4.50041551401916,4.94003100791898
2022-03-01,9.08473752344752,6.66062191055661,7.74270532786361,6.13303285090117,5.86072400013102,6.95731752487241,5.18465829118526,5.45851946891693
2022-06-01,9.90602737110411,5.87593871558785,7.51391230081113,4.85968212098034,6.76930387578936,6.9284747390393,4.50650604082492,6.15531643490408
2022-09-01,5.39527259776558,6.2667702942627,4.67256215668077,5.14402607153843,7.56993726979274,7.15376489749771,5.48895529446995,6.70980921139193
2022-12-01,4.1100443439815,5.12379423219491,4.13136869922581,4.71173337013571,7.01126885816425,5.64626084950388,4.6870749476839,6.01140172106598
2023-03-01,3.65831964195529,4.86935450123591,3.8869792340714,4.72081510501572,6.2624954048758,5.37884543009646,4.67875526217374,5.20421855869655
2023-06-01,2.998243600365,4.68544959777619,2.99000483406797,3.96547422859723,5.31642699950259,3.62228449314344,3.86330105555817,4.10009568226513
2023-09-01,3.49619709864029,2.98912159407565,2.71970977396323,2.36897728987466,4.12507927036891,3.11158683805937,2.7345826845826,3.11166361673809
2023-12-01,2.79444557032003,3.40678625829551,1.82057843338013,2.13769270488293,4.62564661604894,3.33657104519869,2.49201409330533,3.10985658247731
2024-03-01,3.70567330738918,4.19224909856524,3.58834559038721,3.99527961193822,4.93295982527271,4.15194495647377,3.65030840882608,4.1491217261733
2024-06-01,2.75667567768216,3.11418485115862,2.59206026542906,2.87954740383074,3.84286332258412,2.90243239436023,2.89494050687107,3.41708599816239
2024-09-01,1.39596164454738,2.37518465595412,1.69941764671198,2.35278244813575,3.02775751578999,2.36172775106223,2.26498600317064,2.55558315956621
2024-12-01,3.03343732508785,3.37492213872259,2.51839708422128,2.71956084181686,3.64092595103678,3.2478377595889,2.857467475271,3.40735624887907
2025-03-01,3.78459079220714,3.46283739337347,3.43051694846648,3.27503251702115,3.63340727606387,3.76105111019975,2.84197935790715,3.41592923505634
2025-06-01,1.64810613939979,2.06983027171164,2.13199307045904,2.59772898389428,3.69842566647238,2.87851067107825,2.63898509469891,3.36687901699899
2025-09-01,3.13809237916829,3.3472098186119,,,3.34169891330758,3.0570176653361,,2.83303947239821
,,,,,,,,